epoch,train_loss,test_acc@1,test_acc@5
1,5.7348870179592035,45.7,92.10000000000001
2,5.509722748780862,45.7,92.10000000000001
3,5.465814336140951,45.7,92.10000000000001
4,5.426041637322841,45.7,92.10000000000001
5,5.355530027242807,45.7,92.10000000000001
6,5.329310942918826,45.7,92.10000000000001
7,5.300843048095703,45.7,92.10000000000001
8,5.287196225386399,45.7,92.10000000000001
9,5.265166551638872,45.7,92.10000000000001
10,5.232766660054525,45.7,92.10000000000001
11,5.212056551224146,45.7,92.10000000000001
12,5.195600805527125,45.7,92.10000000000001
13,5.180609429188264,45.7,92.10000000000001
14,5.166053224221254,45.7,92.10000000000001
15,5.1573178217961235,45.7,92.10000000000001
16,5.143230367318178,45.7,92.10000000000001
17,5.136689704503769,45.7,92.10000000000001
18,5.127216945550381,45.7,92.10000000000001
19,5.113577632414989,45.7,92.10000000000001
20,5.101167537004519,45.7,92.10000000000001
21,5.093674953167255,52.27,94.31
22,5.07871981156178,52.27,94.31
23,5.076447168986003,52.27,94.31
24,5.064769661732209,52.27,94.31
25,5.057397182171162,52.27,94.31
26,5.051594421191093,52.27,94.31
27,5.041079279092642,52.27,94.31
28,5.037093037825365,52.27,94.31
29,5.029953240125607,52.27,94.31
30,5.020972860776461,52.27,94.31
31,5.021773878733317,52.27,94.31
32,5.011912707793407,52.27,94.31
33,5.004941898737198,52.27,94.31
34,5.004240331894312,52.27,94.31
35,4.999810881492419,52.27,94.31
36,4.99542938379141,52.27,94.31
37,4.99241000688993,52.27,94.31
38,4.987908901312412,52.27,94.31
39,4.985088265247834,52.27,94.31
40,4.9805115186251125,52.27,94.31
41,4.977388993287698,56.66,95.8
42,4.973053545829577,56.66,95.8
43,4.971020268171261,56.66,95.8
44,4.965633822710086,56.66,95.8
45,4.964490606845954,56.66,95.8
46,4.963058501023513,56.66,95.8
47,4.9614975244571005,56.66,95.8
48,4.953743858826466,56.66,95.8
49,4.948261038462321,56.66,95.8
50,4.952625939784906,56.66,95.8
51,4.947452408228165,56.66,95.8
52,4.942688012734438,56.66,95.8
53,4.944413740206987,56.66,95.8
54,4.934646853422508,56.66,95.8
55,4.936058550614577,56.66,95.8
56,4.934176234709911,56.66,95.8
57,4.926865819784311,56.66,95.8
58,4.928274477445163,56.66,95.8
59,4.9249774052546575,56.66,95.8
60,4.920389187641633,56.66,95.8
61,4.919140558976394,60.07,96.13000000000001
62,4.914975405962039,60.07,96.13000000000001
63,4.914776853414682,60.07,96.13000000000001
64,4.914338701199263,60.07,96.13000000000001
65,4.913192394452217,60.07,96.13000000000001
66,4.908259883293739,60.07,96.13000000000001
67,4.906547798254551,60.07,96.13000000000001
68,4.907695048894638,60.07,96.13000000000001
69,4.905446226168902,60.07,96.13000000000001
70,4.901294287657127,60.07,96.13000000000001
71,4.895717435005384,60.07,96.13000000000001
72,4.8985305566054125,60.07,96.13000000000001
73,4.894152411436424,60.07,96.13000000000001
74,4.894954732748178,60.07,96.13000000000001
75,4.897745976081262,60.07,96.13000000000001
76,4.8884552833361505,60.07,96.13000000000001
77,4.887837493113983,60.07,96.13000000000001
78,4.889989994733762,60.07,96.13000000000001
79,4.8875128697126335,60.07,96.13000000000001
80,4.885120775760749,60.07,96.13000000000001
81,4.8866852246798,61.91,96.45
82,4.878520271105644,61.91,96.45
83,4.879577600038969,61.91,96.45
84,4.879873542296581,61.91,96.45
85,4.8772805556272845,61.91,96.45
86,4.876404950557611,61.91,96.45
87,4.876971782782139,61.91,96.45
88,4.873726590474447,61.91,96.45
89,4.873941186758188,61.91,96.45
90,4.871314528049567,61.91,96.45
91,4.868701020265237,61.91,96.45
92,4.867547707679944,61.91,96.45
93,4.866320996406751,61.91,96.45
94,4.867021514207889,61.91,96.45
95,4.863623861166147,61.91,96.45
96,4.865246254358536,61.91,96.45
97,4.862153586363181,61.91,96.45
98,4.857930550208459,61.91,96.45
99,4.861050931001321,61.91,96.45
100,4.859190495808919,61.91,96.45
101,4.859059111277262,64.23,96.85000000000001
102,4.855655007484632,64.23,96.85000000000001
103,4.856062478285569,64.23,96.85000000000001
104,4.856269029470591,64.23,96.85000000000001
105,4.855590724945069,64.23,96.85000000000001
106,4.853209321926801,64.23,96.85000000000001
107,4.851661144158779,64.23,96.85000000000001
108,4.849757228753505,64.23,96.85000000000001
109,4.8515371958414715,64.23,96.85000000000001
110,4.848917012336926,64.23,96.85000000000001
111,4.847238256992438,64.23,96.85000000000001
112,4.845166191687951,64.23,96.85000000000001
113,4.843849421770145,64.23,96.85000000000001
114,4.847291349753355,64.23,96.85000000000001
115,4.845250936654898,64.23,96.85000000000001
116,4.843048467391577,64.23,96.85000000000001
117,4.844117614550468,64.23,96.85000000000001
118,4.84282950376853,64.23,96.85000000000001
119,4.840697765350342,64.23,96.85000000000001
120,4.841003058506892,64.23,96.85000000000001
121,4.839264277922801,65.19,96.84
122,4.8392331710228556,65.19,96.84
123,4.84067325592041,65.19,96.84
124,4.836943208254301,65.19,96.84
125,4.835046337812375,65.19,96.84
126,4.833597855690198,65.19,96.84
127,4.832481137300149,65.19,96.84
128,4.834707558460725,65.19,96.84
129,4.832231308863713,65.19,96.84
130,4.835145749801245,65.19,96.84
131,4.830932020529723,65.19,96.84
132,4.826459789276123,65.19,96.84
133,4.8298181142562475,65.19,96.84
134,4.8303831100463865,65.19,96.84
135,4.829349862612211,65.19,96.84
136,4.825515629695012,65.19,96.84
137,4.829039730169835,65.19,96.84
138,4.827853951087365,65.19,96.84
139,4.8249284524184,65.19,96.84
140,4.824234749720647,65.19,96.84
141,4.823482970702343,67.24,97.13000000000001
142,4.82801328316713,67.24,97.13000000000001
143,4.823190307617187,67.24,97.13000000000001
144,4.819764357346755,67.24,97.13000000000001
145,4.822250038538224,67.24,97.13000000000001
146,4.821175898038424,67.24,97.13000000000001
147,4.822181124564929,67.24,97.13000000000001
148,4.822072479052421,67.24,97.13000000000001
149,4.822823350857465,67.24,97.13000000000001
150,4.81834957416241,67.24,97.13000000000001
151,4.822157647059514,67.24,97.13000000000001
152,4.817814917442126,67.24,97.13000000000001
153,4.8181502880194245,67.24,97.13000000000001
154,4.813168056194598,67.24,97.13000000000001
155,4.814915268237774,67.24,97.13000000000001
156,4.815632480230087,67.24,97.13000000000001
157,4.814740117390951,67.24,97.13000000000001
158,4.816235366234412,67.24,97.13000000000001
159,4.813962016961513,67.24,97.13000000000001
160,4.8123230151641065,67.24,97.13000000000001
161,4.812280694032327,67.67999999999999,97.2
162,4.812372019352057,67.67999999999999,97.2
163,4.808397341997195,67.67999999999999,97.2
164,4.809536975469345,67.67999999999999,97.2
165,4.81154816700862,67.67999999999999,97.2
166,4.812771489070012,67.67999999999999,97.2
167,4.80872132227971,67.67999999999999,97.2
168,4.809543761228904,67.67999999999999,97.2
169,4.807294627947685,67.67999999999999,97.2
170,4.810269788595346,67.67999999999999,97.2
171,4.806464909284543,67.67999999999999,97.2
172,4.8081769454173555,67.67999999999999,97.2
173,4.8064159124325485,67.67999999999999,97.2
174,4.808036765074118,67.67999999999999,97.2
175,4.804501611758501,67.67999999999999,97.2
176,4.805919270637708,67.67999999999999,97.2
177,4.803295235756116,67.67999999999999,97.2
178,4.803778538337121,67.67999999999999,97.2
179,4.805667212070563,67.67999999999999,97.2
180,4.8043615463452465,67.67999999999999,97.2
181,4.802985778221717,68.72,97.28999999999999
182,4.806257152557373,68.72,97.28999999999999
183,4.8009965163010815,68.72,97.28999999999999
184,4.80352808878972,68.72,97.28999999999999
185,4.802253444378192,68.72,97.28999999999999
186,4.803883435175969,68.72,97.28999999999999
187,4.799570878346761,68.72,97.28999999999999
188,4.799718167231633,68.72,97.28999999999999
189,4.799598397964086,68.72,97.28999999999999
190,4.798669093694443,68.72,97.28999999999999
191,4.80122664035895,68.72,97.28999999999999
192,4.798739834320851,68.72,97.28999999999999
193,4.800099644294152,68.72,97.28999999999999
194,4.798829582409981,68.72,97.28999999999999
195,4.797975422785832,68.72,97.28999999999999
196,4.794478604732416,68.72,97.28999999999999
197,4.796241547511174,68.72,97.28999999999999
198,4.794307451981765,68.72,97.28999999999999
199,4.796330637809557,68.72,97.28999999999999
200,4.796401877280993,68.72,97.28999999999999
201,4.795202783437875,69.26,97.39
202,4.794089004320976,69.26,97.39
203,4.794239293611967,69.26,97.39
204,4.794228644248767,69.26,97.39
205,4.7974424313276245,69.26,97.39
206,4.79565893075405,69.26,97.39
207,4.793119557698568,69.26,97.39
208,4.792745886093531,69.26,97.39
209,4.792975442837446,69.26,97.39
210,4.793229506565974,69.26,97.39
211,4.7952076227237015,69.26,97.39
212,4.787301841148963,69.26,97.39
213,4.790818926004263,69.26,97.39
214,4.788940547062801,69.26,97.39
215,4.790475542117388,69.26,97.39
216,4.788446120726756,69.26,97.39
217,4.790718259566869,69.26,97.39
218,4.790268563001584,69.26,97.39
219,4.786871374570406,69.26,97.39
220,4.789070117167937,69.26,97.39
221,4.783631253853822,70.07,97.52
222,4.78652684871967,70.07,97.52
223,4.788028201078757,70.07,97.52
224,4.78831692475539,70.07,97.52
225,4.785116291046142,70.07,97.52
226,4.78525144136869,70.07,97.52
227,4.784094539055458,70.07,97.52
228,4.782032707409981,70.07,97.52
229,4.784559770730826,70.07,97.52
230,4.785082707038293,70.07,97.52
231,4.785383019080529,70.07,97.52
232,4.782043995001377,70.07,97.52
233,4.785505294799805,70.07,97.52
234,4.783377275711451,70.07,97.52
235,4.7857733824314215,70.07,97.52
236,4.781260461073655,70.07,97.52
237,4.783247764293964,70.07,97.52
238,4.780777862744453,70.07,97.52
239,4.781109462640225,70.07,97.52
240,4.780400087894537,70.07,97.52
241,4.780281939873329,70.52000000000001,97.58
242,4.778778450305645,70.52000000000001,97.58
243,4.777713804978591,70.52000000000001,97.58
244,4.781506775587033,70.52000000000001,97.58
245,4.780466079711914,70.52000000000001,97.58
246,4.779607401138697,70.52000000000001,97.58
247,4.780694462702825,70.52000000000001,97.58
248,4.781443446721786,70.52000000000001,97.58
249,4.775797550494854,70.52000000000001,97.58
250,4.779679501362336,70.52000000000001,97.58
251,4.779385940845196,70.52000000000001,97.58
252,4.77640954775688,70.52000000000001,97.58
253,4.777711650652763,70.52000000000001,97.58
254,4.780168648255177,70.52000000000001,97.58
255,4.776828712072128,70.52000000000001,97.58
256,4.773830543420254,70.52000000000001,97.58
257,4.776256135793832,70.52000000000001,97.58
258,4.7766273131737345,70.52000000000001,97.58
259,4.776375873272236,70.52000000000001,97.58
260,4.775485383547269,70.52000000000001,97.58
261,4.775349338238056,70.91,97.64
262,4.775207113608336,70.91,97.64
263,4.774752489725748,70.91,97.64
264,4.7716135587447726,70.91,97.64
265,4.7746933056758,70.91,97.64
266,4.777550213153546,70.91,97.64
267,4.774955172416491,70.91,97.64
268,4.772941467089531,70.91,97.64
269,4.772176199692947,70.91,97.64
270,4.768050406529353,70.91,97.64
271,4.774112337063521,70.91,97.64
272,4.773232450240697,70.91,97.64
273,4.773584490555983,70.91,97.64
274,4.771059892116448,70.91,97.64
275,4.768662902636406,70.91,97.64
276,4.76992402443519,70.91,97.64
277,4.769663206736246,70.91,97.64
278,4.772183078374618,70.91,97.64
279,4.771311914003812,70.91,97.64
280,4.7704183627397585,70.91,97.64
281,4.766722840529222,70.99,97.64
282,4.773350449097462,70.99,97.64
283,4.769478854154929,70.99,97.64
284,4.769857658484043,70.99,97.64
285,4.768708776816344,70.99,97.64
286,4.76486733509944,70.99,97.64
287,4.765841875320826,70.99,97.64
288,4.768584708678417,70.99,97.64
289,4.769044059362167,70.99,97.64
290,4.765810039715889,70.99,97.64
291,4.771073632362562,70.99,97.64
292,4.768490788875482,70.99,97.64
293,4.764720994998247,70.99,97.64
294,4.767788018935766,70.99,97.64
295,4.765562059940436,70.99,97.64
296,4.766437657674154,70.99,97.64
297,4.766083279634134,70.99,97.64
298,4.764004905407245,70.99,97.64
299,4.762572043981308,70.99,97.64
300,4.7614207659012235,70.99,97.64
301,4.764983067145715,71.32,97.76
302,4.766542246402838,71.32,97.76
303,4.765564226492858,71.32,97.76
304,4.762897215134058,71.32,97.76
305,4.768493767273732,71.32,97.76
306,4.764288897392078,71.32,97.76
307,4.764912077096793,71.32,97.76
308,4.760561353732378,71.32,97.76
309,4.762252012888591,71.32,97.76
310,4.763594920818623,71.32,97.76
311,4.763050304315029,71.32,97.76
312,4.765925874465551,71.32,97.76
313,4.761798056578025,71.32,97.76
314,4.7641096115112305,71.32,97.76
315,4.763669838049473,71.32,97.76
316,4.760409878461789,71.32,97.76
317,4.760007484142597,71.32,97.76
318,4.76075660265409,71.32,97.76
319,4.766053119072548,71.32,97.76
320,4.760286186902951,71.32,97.76
321,4.761396038837922,71.8,97.78999999999999
322,4.7597953649667595,71.8,97.78999999999999
323,4.761099292070438,71.8,97.78999999999999
324,4.759781416868552,71.8,97.78999999999999
325,4.761441313914764,71.8,97.78999999999999
326,4.761053305405837,71.8,97.78999999999999
327,4.76021067790496,71.8,97.78999999999999
328,4.7588140756655966,71.8,97.78999999999999
329,4.7583498612428325,71.8,97.78999999999999
330,4.758823639307266,71.8,97.78999999999999
331,4.757817033620981,71.8,97.78999999999999
332,4.758346652984619,71.8,97.78999999999999
333,4.759511421888303,71.8,97.78999999999999
334,4.757724307133601,71.8,97.78999999999999
335,4.7567001513945755,71.8,97.78999999999999
336,4.75841429294684,71.8,97.78999999999999
337,4.759191134037116,71.8,97.78999999999999
338,4.757376304039588,71.8,97.78999999999999
339,4.757925422375019,71.8,97.78999999999999
340,4.758250904083252,71.8,97.78999999999999
341,4.757022371047582,71.78999999999999,97.67
342,4.759497556930933,71.78999999999999,97.67
343,4.754009867937137,71.78999999999999,97.67
344,4.754955079005315,71.78999999999999,97.67
345,4.755697333507049,71.78999999999999,97.67
346,4.7558597589150455,71.78999999999999,97.67
347,4.754234937521128,71.78999999999999,97.67
348,4.754436297294421,71.78999999999999,97.67
349,4.756665146656525,71.78999999999999,97.67
350,4.754492043226193,71.78999999999999,97.67
351,4.75902170768151,71.78999999999999,97.67
352,4.757850744785407,71.78999999999999,97.67
353,4.753590072729649,71.78999999999999,97.67
354,4.754606809371557,71.78999999999999,97.67
355,4.756904037182148,71.78999999999999,97.67
356,4.756441649412498,71.78999999999999,97.67
357,4.755829351376264,71.78999999999999,97.67
358,4.753729470570883,71.78999999999999,97.67
359,4.7521756710150305,71.78999999999999,97.67
360,4.753055709447616,71.78999999999999,97.67
361,4.75074096092811,72.46000000000001,97.83
362,4.754330128889817,72.46000000000001,97.83
363,4.755067280011299,72.46000000000001,97.83
364,4.753989615807167,72.46000000000001,97.83
365,4.753547247862205,72.46000000000001,97.83
366,4.7507451815482895,72.46000000000001,97.83
367,4.749622393877078,72.46000000000001,97.83
368,4.751880423227946,72.46000000000001,97.83
369,4.751679124587621,72.46000000000001,97.83
370,4.754024667006273,72.46000000000001,97.83
371,4.7506008417178425,72.46000000000001,97.83
372,4.751246638175768,72.46000000000001,97.83
373,4.7479493581331695,72.46000000000001,97.83
374,4.751443608601888,72.46000000000001,97.83
375,4.7535838420574485,72.46000000000001,97.83
376,4.752751695192777,72.46000000000001,97.83
377,4.755132235013521,72.46000000000001,97.83
378,4.753828660035745,72.46000000000001,97.83
379,4.749847891391852,72.46000000000001,97.83
380,4.749615911337045,72.46000000000001,97.83
381,4.751510786398863,72.61999999999999,97.78
382,4.748941057156294,72.61999999999999,97.78
383,4.753057934687688,72.61999999999999,97.78
384,4.7522169602222935,72.61999999999999,97.78
385,4.745353706066425,72.61999999999999,97.78
386,4.748064703819079,72.61999999999999,97.78
387,4.74696813974625,72.61999999999999,97.78
388,4.748744032933161,72.61999999999999,97.78
389,4.751116236662253,72.61999999999999,97.78
390,4.747791652190379,72.61999999999999,97.78
391,4.747838531396328,72.61999999999999,97.78
392,4.750491127601037,72.61999999999999,97.78
393,4.748233606876471,72.61999999999999,97.78
394,4.748408681918413,72.61999999999999,97.78
395,4.75190427731245,72.61999999999999,97.78
396,4.746230841905643,72.61999999999999,97.78
397,4.748627410790859,72.61999999999999,97.78
398,4.74929455488156,72.61999999999999,97.78
399,4.748502599276029,72.61999999999999,97.78
400,4.7449606210757524,72.61999999999999,97.78
401,4.748643642816788,72.63,97.92
402,4.742687127529046,72.63,97.92
403,4.750379342299241,72.63,97.92
404,4.748981544299004,72.63,97.92
405,4.747945743952042,72.63,97.92
406,4.7470738068605085,72.63,97.92
407,4.745836864373623,72.63,97.92
408,4.747732402116824,72.63,97.92
409,4.743850796039288,72.63,97.92
410,4.74583886219905,72.63,97.92
411,4.74712509497618,72.63,97.92
412,4.746288008567614,72.63,97.92
413,4.746351026877379,72.63,97.92
414,4.747230035830767,72.63,97.92
415,4.745314774146447,72.63,97.92
416,4.747896656623253,72.63,97.92
417,4.744646187317677,72.63,97.92
418,4.7447121595725035,72.63,97.92
419,4.7454889028500284,72.63,97.92
420,4.7430328271327875,72.63,97.92
421,4.7420883129804565,73.07000000000001,98.00999999999999
422,4.745332781473795,73.07000000000001,98.00999999999999
423,4.740683325743064,73.07000000000001,98.00999999999999
424,4.7410785944033895,73.07000000000001,98.00999999999999
425,4.745064872350448,73.07000000000001,98.00999999999999
426,4.742034841195131,73.07000000000001,98.00999999999999
427,4.744078494340945,73.07000000000001,98.00999999999999
428,4.744125975095309,73.07000000000001,98.00999999999999
429,4.745266364170955,73.07000000000001,98.00999999999999
430,4.7422078964037775,73.07000000000001,98.00999999999999
431,4.74339504975539,73.07000000000001,98.00999999999999
432,4.744835753318591,73.07000000000001,98.00999999999999
433,4.741881145575108,73.07000000000001,98.00999999999999
434,4.741409612313295,73.07000000000001,98.00999999999999
435,4.743834862342248,73.07000000000001,98.00999999999999
436,4.745833008105938,73.07000000000001,98.00999999999999
437,4.74310087790856,73.07000000000001,98.00999999999999
438,4.740981397873316,73.07000000000001,98.00999999999999
439,4.739482126480493,73.07000000000001,98.00999999999999
440,4.738100487146622,73.07000000000001,98.00999999999999
441,4.740548972594432,73.24000000000001,98.07000000000001
442,4.743022598364415,73.24000000000001,98.07000000000001
443,4.742019990774302,73.24000000000001,98.07000000000001
444,4.7419779826433235,73.24000000000001,98.07000000000001
445,4.742618499658047,73.24000000000001,98.07000000000001
446,4.742431694422013,73.24000000000001,98.07000000000001
447,4.7365275969872105,73.24000000000001,98.07000000000001
448,4.741104267805051,73.24000000000001,98.07000000000001
449,4.740128145462427,73.24000000000001,98.07000000000001
450,4.741026374621269,73.24000000000001,98.07000000000001
451,4.740978204287016,73.24000000000001,98.07000000000001
452,4.744272571954972,73.24000000000001,98.07000000000001
453,4.73970408806434,73.24000000000001,98.07000000000001
454,4.74340386512952,73.24000000000001,98.07000000000001
455,4.741713342911158,73.24000000000001,98.07000000000001
456,4.739131277035444,73.24000000000001,98.07000000000001
457,4.740675852848933,73.24000000000001,98.07000000000001
458,4.7368051113226475,73.24000000000001,98.07000000000001
459,4.7377331342452615,73.24000000000001,98.07000000000001
460,4.738727997510861,73.24000000000001,98.07000000000001
461,4.73911229402591,73.28,98.15
462,4.74053749915881,73.28,98.15
463,4.7403095612159145,73.28,98.15
464,4.736507914616511,73.28,98.15
465,4.7406383441044735,73.28,98.15
466,4.738075114519168,73.28,98.15
467,4.738661768497565,73.28,98.15
468,4.738348814157339,73.28,98.15
469,4.7387361966646635,73.28,98.15
470,4.739685090382894,73.28,98.15
471,4.737093473092104,73.28,98.15
472,4.739584372593806,73.28,98.15
473,4.7385854305365145,73.28,98.15
474,4.736986761826735,73.28,98.15
475,4.735694882808588,73.28,98.15
476,4.736305987529265,73.28,98.15
477,4.736099135570037,73.28,98.15
478,4.737858870090583,73.28,98.15
479,4.735169875316131,73.28,98.15
480,4.736311694903251,73.28,98.15
481,4.735599534939497,73.33,98.11
482,4.7364389003851475,73.33,98.11
483,4.737740580240885,73.33,98.11
484,4.736208414420103,73.33,98.11
485,4.740056306887896,73.33,98.11
486,4.73628024321336,73.33,98.11
487,4.733765215751452,73.33,98.11
488,4.737422723036546,73.33,98.11
489,4.736580237364158,73.33,98.11
490,4.736664089789757,73.33,98.11
491,4.735107556367532,73.33,98.11
492,4.736597797198173,73.33,98.11
493,4.7335250609960315,73.33,98.11
494,4.737053140004476,73.33,98.11
495,4.735181928292299,73.33,98.11
496,4.733351411574926,73.33,98.11
497,4.7377090503007935,73.33,98.11
498,4.73782848455967,73.33,98.11
499,4.732807494432498,73.33,98.11
500,4.736155605316162,73.33,98.11
501,4.732420261089619,73.96000000000001,98.3
502,4.736649173345321,73.96000000000001,98.3
503,4.735630693191137,73.96000000000001,98.3
504,4.73405114931938,73.96000000000001,98.3
505,4.734661862789056,73.96000000000001,98.3
506,4.734000257345346,73.96000000000001,98.3
507,4.734244889479417,73.96000000000001,98.3
508,4.735248208657289,73.96000000000001,98.3
509,4.733736876952342,73.96000000000001,98.3
510,4.735643428411239,73.96000000000001,98.3
511,4.7312239695818,73.96000000000001,98.3
512,4.733684329497509,73.96000000000001,98.3
513,4.737199010604467,73.96000000000001,98.3
514,4.732472923474434,73.96000000000001,98.3
515,4.734473531674116,73.96000000000001,98.3
516,4.732518804990328,73.96000000000001,98.3
517,4.731648604075114,73.96000000000001,98.3
518,4.731118170420329,73.96000000000001,98.3
519,4.7312967398227785,73.96000000000001,98.3
520,4.731239027854723,73.96000000000001,98.3
521,4.731925966800787,74.33,98.11999999999999
522,4.729027733435998,74.33,98.11999999999999
523,4.732212433448205,74.33,98.11999999999999
524,4.733464311942076,74.33,98.11999999999999
525,4.73188723050631,74.33,98.11999999999999
526,4.732182771731646,74.33,98.11999999999999
527,4.734385263002836,74.33,98.11999999999999
528,4.731731067559658,74.33,98.11999999999999
529,4.732404395861503,74.33,98.11999999999999
530,4.726576726864546,74.33,98.11999999999999
531,4.731346939771603,74.33,98.11999999999999
532,4.733423291719877,74.33,98.11999999999999
533,4.732656791882637,74.33,98.11999999999999
534,4.731845153906407,74.33,98.11999999999999
535,4.7304691339150455,74.33,98.11999999999999
536,4.731615421099541,74.33,98.11999999999999
537,4.731345976316012,74.33,98.11999999999999
538,4.729912442427415,74.33,98.11999999999999
539,4.731898655035557,74.33,98.11999999999999
540,4.729860337575277,74.33,98.11999999999999
541,4.727578811156444,74.21,98.11999999999999
542,4.729678828899677,74.21,98.11999999999999
543,4.7269559395618925,74.21,98.11999999999999
544,4.728004692762326,74.21,98.11999999999999
545,4.725715424464299,74.21,98.11999999999999
546,4.729986577156263,74.21,98.11999999999999
547,4.732304181808081,74.21,98.11999999999999
548,4.7298806166037535,74.21,98.11999999999999
549,4.728523044097118,74.21,98.11999999999999
550,4.727002747853597,74.21,98.11999999999999
551,4.72717318657117,74.21,98.11999999999999
552,4.729483917431954,74.21,98.11999999999999
553,4.727911083514874,74.21,98.11999999999999
554,4.7308630674313275,74.21,98.11999999999999
555,4.726882125169803,74.21,98.11999999999999
556,4.727822313553248,74.21,98.11999999999999
557,4.73008697949923,74.21,98.11999999999999
558,4.7247846530033994,74.21,98.11999999999999
559,4.72833462984134,74.21,98.11999999999999
560,4.728335238725711,74.21,98.11999999999999
561,4.726541683001396,74.03,98.17
562,4.728490020067264,74.03,98.17
563,4.73226239620111,74.03,98.17
564,4.728425593253894,74.03,98.17
565,4.724900954808945,74.03,98.17
566,4.728238166906895,74.03,98.17
567,4.72940245897342,74.03,98.17
568,4.726579008346949,74.03,98.17
569,4.726419705611009,74.03,98.17
570,4.731088545383551,74.03,98.17
571,4.726903044871795,74.03,98.17
572,4.724898299192771,74.03,98.17
573,4.727083900647286,74.03,98.17
574,4.724590489803217,74.03,98.17
575,4.72783751365466,74.03,98.17
576,4.724482624347393,74.03,98.17
577,4.727548100398137,74.03,98.17
578,4.727805435963166,74.03,98.17
579,4.729021996718187,74.03,98.17
580,4.728940450228178,74.03,98.17
581,4.7279762243613215,74.58,98.25
582,4.7269897729922565,74.58,98.25
583,4.726250822116167,74.58,98.25
584,4.723732593732002,74.58,98.25
585,4.72668630648882,74.58,98.25
586,4.7250916260939375,74.58,98.25
587,4.7233651527991665,74.58,98.25
588,4.725447542239458,74.58,98.25
589,4.7240804549975275,74.58,98.25
590,4.724551741282145,74.58,98.25
591,4.723436866662441,74.58,98.25
592,4.723391931484907,74.58,98.25
593,4.726645865807167,74.58,98.25
594,4.7258690100449785,74.58,98.25
595,4.725210324311868,74.58,98.25
596,4.7257217113788315,74.58,98.25
597,4.728587502699632,74.58,98.25
598,4.725028346135066,74.58,98.25
599,4.725329120342548,74.58,98.25
600,4.7285768019847385,74.58,98.25
601,4.723388921297514,74.95,98.2
602,4.725979959047757,74.95,98.2
603,4.724129569224822,74.95,98.2
604,4.726759969271146,74.95,98.2
605,4.724920896383432,74.95,98.2
606,4.72220796193832,74.95,98.2
607,4.727114092998016,74.95,98.2
608,4.724309395521115,74.95,98.2
609,4.721872801658435,74.95,98.2
610,4.72283667295407,74.95,98.2
611,4.728245854989076,74.95,98.2
612,4.726534579350398,74.95,98.2
613,4.726018355442927,74.95,98.2
614,4.72444508136847,74.95,98.2
615,4.7246123436169745,74.95,98.2
616,4.723347152807774,74.95,98.2
617,4.724460873237023,74.95,98.2
618,4.722761919559576,74.95,98.2
619,4.721640012203118,74.95,98.2
620,4.721365997118828,74.95,98.2
621,4.725275333111103,74.81,98.27
622,4.721084814805251,74.81,98.27
623,4.723010251460932,74.81,98.27
624,4.725593266120324,74.81,98.27
625,4.724908875196408,74.81,98.27
626,4.72390698897533,74.81,98.27
627,4.7218900215931425,74.81,98.27
628,4.720087831448286,74.81,98.27
629,4.723202248108692,74.81,98.27
630,4.722843309549185,74.81,98.27
631,4.7197921532851,74.81,98.27
632,4.722797384017553,74.81,98.27
633,4.720738738622421,74.81,98.27
634,4.721384503291204,74.81,98.27
635,4.720205233647273,74.81,98.27
636,4.723867942125369,74.81,98.27
637,4.720074025178567,74.81,98.27
638,4.720989327552991,74.81,98.27
639,4.722644304617857,74.81,98.27
640,4.721395372733092,74.81,98.27
641,4.721621417999268,75.27000000000001,98.26
642,4.721013775849953,75.27000000000001,98.26
643,4.721973619705591,75.27000000000001,98.26
644,4.719798599145351,75.27000000000001,98.26
645,4.723960932707175,75.27000000000001,98.26
646,4.720484520838811,75.27000000000001,98.26
647,4.726314349052234,75.27000000000001,98.26
648,4.719962726495205,75.27000000000001,98.26
649,4.719993985004914,75.27000000000001,98.26
650,4.7200726191202795,75.27000000000001,98.26
651,4.718246538211138,75.27000000000001,98.26
652,4.722234696608323,75.27000000000001,98.26
653,4.721562226613362,75.27000000000001,98.26
654,4.718924331665039,75.27000000000001,98.26
655,4.722020173684145,75.27000000000001,98.26
656,4.722036276108179,75.27000000000001,98.26
657,4.71754712324876,75.27000000000001,98.26
658,4.718229447878324,75.27000000000001,98.26
659,4.720386170118283,75.27000000000001,98.26
660,4.719307483770908,75.27000000000001,98.26
661,4.718975155170147,75.32,98.18
662,4.7206853548685705,75.32,98.18
663,4.717203218508989,75.32,98.18
664,4.719434701479399,75.32,98.18
665,4.722225903242062,75.32,98.18
666,4.718298547695845,75.32,98.18
667,4.718315806755653,75.32,98.18
668,4.719210282350198,75.32,98.18
669,4.718542945079315,75.32,98.18
670,4.7185404826433235,75.32,98.18
671,4.716498815096342,75.32,98.18
672,4.719350875952305,75.32,98.18
673,4.718009190681653,75.32,98.18
674,4.716566750942133,75.32,98.18
675,4.718230098333114,75.32,98.18
676,4.719926521105644,75.32,98.18
677,4.717694830283141,75.32,98.18
678,4.721433881612924,75.32,98.18
679,4.718750290992933,75.32,98.18
680,4.7209377924601235,75.32,98.18
681,4.719321938050099,75.89,98.42
682,4.719874797723232,75.89,98.42
683,4.716734035198505,75.89,98.42
684,4.715009053548177,75.89,98.42
685,4.718256957714374,75.89,98.42
686,4.717244338989258,75.89,98.42
687,4.717589510404147,75.89,98.42
688,4.720218849182129,75.89,98.42
689,4.7152005904760115,75.89,98.42
690,4.716684752244216,75.89,98.42
691,4.719831109658266,75.89,98.42
692,4.716012218670968,75.89,98.42
693,4.720283447167812,75.89,98.42
694,4.717051068330423,75.89,98.42
695,4.716401640574137,75.89,98.42
696,4.718633583264473,75.89,98.42
697,4.715498982943021,75.89,98.42
698,4.718371173663017,75.89,98.42
699,4.720311181973188,75.89,98.42
700,4.71538425103212,75.89,98.42
701,4.717187673617632,75.89,98.35000000000001
702,4.716729604280912,75.89,98.35000000000001
703,4.717116439036834,75.89,98.35000000000001
704,4.715215504475129,75.89,98.35000000000001
705,4.716431409884722,75.89,98.35000000000001
706,4.720177689576761,75.89,98.35000000000001
707,4.715676557100736,75.89,98.35000000000001
708,4.718104949364295,75.89,98.35000000000001
709,4.7151936188722265,75.89,98.35000000000001
710,4.717132534124913,75.89,98.35000000000001
711,4.716663805643718,75.89,98.35000000000001
712,4.7164444947854065,75.89,98.35000000000001
713,4.719116154695168,75.89,98.35000000000001
714,4.7152896196414265,75.89,98.35000000000001
715,4.713564051114596,75.89,98.35000000000001
716,4.717632017380152,75.89,98.35000000000001
717,4.714731556329972,75.89,98.35000000000001
718,4.712118476476425,75.89,98.35000000000001
719,4.713074505634797,75.89,98.35000000000001
720,4.714835555736835,75.89,98.35000000000001
721,4.7161064050136465,75.82,98.36
722,4.716050546597212,75.82,98.36
723,4.716021378835042,75.82,98.36
724,4.71776888187115,75.82,98.36
725,4.714743198492588,75.82,98.36
726,4.718403554574037,75.82,98.36
727,4.712269435784756,75.82,98.36
728,4.716257454798772,75.82,98.36
729,4.715614345746163,75.82,98.36
730,4.713512941507193,75.82,98.36
731,4.713574927892441,75.82,98.36
732,4.713009244967729,75.82,98.36
733,4.713276958465576,75.82,98.36
734,4.716090361277263,75.82,98.36
735,4.714054667644012,75.82,98.36
736,4.715124140030299,75.82,98.36
737,4.716826932858198,75.82,98.36
738,4.716603325574826,75.82,98.36
739,4.712202737270258,75.82,98.36
740,4.713111808972481,75.82,98.36
741,4.714169411781507,76.32,98.36
742,4.714163496555426,76.32,98.36
743,4.713409306452824,76.32,98.36
744,4.712170116717999,76.32,98.36
745,4.712334420130803,76.32,98.36
746,4.7170346039992115,76.32,98.36
747,4.711984340961163,76.32,98.36
748,4.713498653509678,76.32,98.36
749,4.711488386300894,76.32,98.36
750,4.712435614757049,76.32,98.36
751,4.7133358710851425,76.32,98.36
752,4.714847591595772,76.32,98.36
753,4.711251850617238,76.32,98.36
754,4.715917154458853,76.32,98.36
755,4.713597534864377,76.32,98.36
756,4.712823968055921,76.32,98.36
757,4.711107535239978,76.32,98.36
758,4.712285217872033,76.32,98.36
759,4.713172482221554,76.32,98.36
760,4.71566389034956,76.32,98.36
761,4.715028073237493,76.75,98.34
762,4.715534633245223,76.75,98.34
763,4.7155314176510545,76.75,98.34
764,4.712335596329127,76.75,98.34
765,4.712680564782558,76.75,98.34
766,4.713015759296907,76.75,98.34
767,4.711554515056121,76.75,98.34
768,4.711855191450852,76.75,98.34
769,4.711990429804875,76.75,98.34
770,4.711381036807329,76.75,98.34
771,4.7138026090768665,76.75,98.34
772,4.711889731578338,76.75,98.34
773,4.713652388254801,76.75,98.34
774,4.712449005322578,76.75,98.34
775,4.709221345950396,76.75,98.34
776,4.710272106757531,76.75,98.34
777,4.7131290558056955,76.75,98.34
778,4.713526124220628,76.75,98.34
779,4.711434645530505,76.75,98.34
780,4.7116664030613045,76.75,98.34
781,4.710301599747095,76.38000000000001,98.39
782,4.712723049750695,76.38000000000001,98.39
783,4.712791222792405,76.38000000000001,98.39
784,4.711055841201391,76.38000000000001,98.39
785,4.710468309353559,76.38000000000001,98.39
786,4.711711942232572,76.38000000000001,98.39
787,4.709609457162711,76.38000000000001,98.39
788,4.711188592666235,76.38000000000001,98.39
789,4.71148924216246,76.38000000000001,98.39
790,4.712143990932367,76.38000000000001,98.39
791,4.712588987594995,76.38000000000001,98.39
792,4.71127746288593,76.38000000000001,98.39
793,4.711908968901023,76.38000000000001,98.39
794,4.710722705645439,76.38000000000001,98.39
795,4.709888715010423,76.38000000000001,98.39
796,4.711373294928135,76.38000000000001,98.39
797,4.709387461344401,76.38000000000001,98.39
798,4.7085777796231785,76.38000000000001,98.39
799,4.707312916486691,76.38000000000001,98.39
800,4.71234681056096,76.38000000000001,98.39
801,4.711622568277212,76.42,98.28
802,4.711203154539451,76.42,98.28
803,4.70970391982641,76.42,98.28
804,4.707966337448512,76.42,98.28
805,4.709271382062863,76.42,98.28
806,4.710363522554055,76.42,98.28
807,4.710658146784856,76.42,98.28
808,4.712505932343312,76.42,98.28
809,4.711732047643417,76.42,98.28
810,4.710608037312825,76.42,98.28
811,4.710157944605901,76.42,98.28
812,4.712253587673872,76.42,98.28
813,4.709214032001984,76.42,98.28
814,4.708778457152538,76.42,98.28
815,4.708842250628349,76.42,98.28
816,4.708486199990297,76.42,98.28
817,4.710207254458696,76.42,98.28
818,4.709191033779047,76.42,98.28
819,4.710728799379789,76.42,98.28
820,4.704673177768022,76.42,98.28
821,4.706959430988018,76.77000000000001,98.36
822,4.713695396521152,76.77000000000001,98.36
823,4.711109924316406,76.77000000000001,98.36
824,4.709191427475367,76.77000000000001,98.36
825,4.7074317516424715,76.77000000000001,98.36
826,4.709712248582107,76.77000000000001,98.36
827,4.710662284264198,76.77000000000001,98.36
828,4.707827548491649,76.77000000000001,98.36
829,4.7125885743361255,76.77000000000001,98.36
830,4.709807310348902,76.77000000000001,98.36
831,4.705009475121131,76.77000000000001,98.36
832,4.707937927735157,76.77000000000001,98.36
833,4.7089687469678045,76.77000000000001,98.36
834,4.709272484901624,76.77000000000001,98.36
835,4.706272919972737,76.77000000000001,98.36
836,4.706286312983586,76.77000000000001,98.36
837,4.709279031019944,76.77000000000001,98.36
838,4.708469121884077,76.77000000000001,98.36
839,4.708315367576404,76.77000000000001,98.36
840,4.708723207620474,76.77000000000001,98.36
841,4.701605239281288,77.16,98.50999999999999
842,4.706935483981401,77.16,98.50999999999999
843,4.711657480093149,77.16,98.50999999999999
844,4.709756242311918,77.16,98.50999999999999
845,4.707336320632543,77.16,98.50999999999999
846,4.707594837286534,77.16,98.50999999999999
847,4.710333907298553,77.16,98.50999999999999
848,4.706188461108085,77.16,98.50999999999999
849,4.707962033687494,77.16,98.50999999999999
850,4.708176727783986,77.16,98.50999999999999
851,4.712236225910676,77.16,98.50999999999999
852,4.707036128410926,77.16,98.50999999999999
853,4.706920660459078,77.16,98.50999999999999
854,4.708415043659699,77.16,98.50999999999999
855,4.704238886710925,77.16,98.50999999999999
856,4.7077557172530735,77.16,98.50999999999999
857,4.706748060079721,77.16,98.50999999999999
858,4.705702605614295,77.16,98.50999999999999
859,4.70812690441425,77.16,98.50999999999999
860,4.706349685864571,77.16,98.50999999999999
861,4.706077793316964,77.19,98.37
862,4.706484877757537,77.19,98.37
863,4.706503772735596,77.19,98.37
864,4.704080143952981,77.19,98.37
865,4.708467305012238,77.19,98.37
866,4.7066307483575285,77.19,98.37
867,4.706198022304437,77.19,98.37
868,4.708243064391307,77.19,98.37
869,4.709950043604924,77.19,98.37
870,4.706942208607992,77.19,98.37
871,4.708359591166178,77.19,98.37
872,4.7068959969740645,77.19,98.37
873,4.708019943726368,77.19,98.37
874,4.707135063562638,77.19,98.37
875,4.707729329818334,77.19,98.37
876,4.706016885317289,77.19,98.37
877,4.705561229510185,77.19,98.37
878,4.70874384366549,77.19,98.37
879,4.704345923203689,77.19,98.37
880,4.7069806808080425,77.19,98.37
881,4.709617673433744,76.96,98.29
882,4.704328179970766,76.96,98.29
883,4.707070433787811,76.96,98.29
884,4.70761178334554,76.96,98.29
885,4.705132450201573,76.96,98.29
886,4.7063839570069925,76.96,98.29
887,4.706802424406394,76.96,98.29
888,4.704700868557661,76.96,98.29
889,4.706188517350417,76.96,98.29
890,4.709014019599327,76.96,98.29
891,4.711456716977633,76.96,98.29
892,4.705364268865341,76.96,98.29
893,4.702471784444955,76.96,98.29
894,4.706012943463448,76.96,98.29
895,4.7035092598352675,76.96,98.29
896,4.705611497927935,76.96,98.29
897,4.701158112746018,76.96,98.29
898,4.705615112109062,76.96,98.29
899,4.705875281798534,76.96,98.29
900,4.70198517090235,76.96,98.29
901,4.703292971390944,77.34,98.56
902,4.7051798649323295,77.34,98.56
903,4.704045699192927,77.34,98.56
904,4.707973556029491,77.34,98.56
905,4.705166696890807,77.34,98.56
906,4.7017668650700495,77.34,98.56
907,4.7053861055618675,77.34,98.56
908,4.707379656571608,77.34,98.56
909,4.705086082067245,77.34,98.56
910,4.706307844015268,77.34,98.56
911,4.703795790060973,77.34,98.56
912,4.706739217807085,77.34,98.56
913,4.70280100993621,77.34,98.56
914,4.705570120689196,77.34,98.56
915,4.702956165411534,77.34,98.56
916,4.704534792288756,77.34,98.56
917,4.704510943094889,77.34,98.56
918,4.7046659983121435,77.34,98.56
919,4.706369216625507,77.34,98.56
920,4.703688127566607,77.34,98.56
921,4.701874867463723,77.4,98.44000000000001
922,4.705726728683863,77.4,98.44000000000001
923,4.706937093001145,77.4,98.44000000000001
924,4.70470457810622,77.4,98.44000000000001
925,4.705416109623053,77.4,98.44000000000001
926,4.701901611915002,77.4,98.44000000000001
927,4.701584405165452,77.4,98.44000000000001
928,4.705115088438377,77.4,98.44000000000001
929,4.704463477012439,77.4,98.44000000000001
930,4.704829910473946,77.4,98.44000000000001
931,4.702209404187324,77.4,98.44000000000001
932,4.706017939249675,77.4,98.44000000000001
933,4.7011787096659345,77.4,98.44000000000001
934,4.704795111142672,77.4,98.44000000000001
935,4.705329168759859,77.4,98.44000000000001
936,4.701495852837196,77.4,98.44000000000001
937,4.70351430452787,77.4,98.44000000000001
938,4.70331445596157,77.4,98.44000000000001
939,4.7024383544921875,77.4,98.44000000000001
940,4.702543784410525,77.4,98.44000000000001
941,4.700990535051394,77.28,98.46000000000001
942,4.703914994459886,77.28,98.46000000000001
943,4.7055868026537775,77.28,98.46000000000001
944,4.704463464785845,77.28,98.46000000000001
945,4.702802445338323,77.28,98.46000000000001
946,4.70331260240995,77.28,98.46000000000001
947,4.706181863638071,77.28,98.46000000000001
948,4.702888611035469,77.28,98.46000000000001
949,4.701796201559214,77.28,98.46000000000001
950,4.7033317394745655,77.28,98.46000000000001
951,4.703132093869723,77.28,98.46000000000001
952,4.706077668605706,77.28,98.46000000000001
953,4.70353540518345,77.28,98.46000000000001
954,4.702738928183531,77.28,98.46000000000001
955,4.702372401799911,77.28,98.46000000000001
956,4.704499787550706,77.28,98.46000000000001
957,4.7007023200010645,77.28,98.46000000000001
958,4.701463136917505,77.28,98.46000000000001
959,4.70027685654469,77.28,98.46000000000001
960,4.704565684000651,77.28,98.46000000000001
961,4.700339701236823,77.46,98.50999999999999
962,4.702301935049204,77.46,98.50999999999999
963,4.702182023953169,77.46,98.50999999999999
964,4.7019923185690855,77.46,98.50999999999999
965,4.701543137966058,77.46,98.50999999999999
966,4.703681620573386,77.46,98.50999999999999
967,4.701763008802365,77.46,98.50999999999999
968,4.702499333406106,77.46,98.50999999999999
969,4.700088625687819,77.46,98.50999999999999
970,4.69989133981558,77.46,98.50999999999999
971,4.7036182281298515,77.46,98.50999999999999
972,4.702178495358198,77.46,98.50999999999999
973,4.704274639716515,77.46,98.50999999999999
974,4.699205031761756,77.46,98.50999999999999
975,4.704015247638409,77.46,98.50999999999999
976,4.701699281350161,77.46,98.50999999999999
977,4.705000857817821,77.46,98.50999999999999
978,4.700150108337402,77.46,98.50999999999999
979,4.699847969642052,77.46,98.50999999999999
980,4.703508196121607,77.46,98.50999999999999
981,4.702303632100423,77.45,98.52
982,4.698896904480763,77.45,98.52
983,4.701559506929838,77.45,98.52
984,4.702936346102984,77.45,98.52
985,4.70291286615225,77.45,98.52
986,4.703575537754939,77.45,98.52
987,4.700170453389486,77.45,98.52
988,4.70277227744078,77.45,98.52
989,4.703034413166535,77.45,98.52
990,4.69972316301786,77.45,98.52
991,4.699104360433725,77.45,98.52
992,4.700173612741324,77.45,98.52
993,4.699860939612756,77.45,98.52
994,4.700475785671136,77.45,98.52
995,4.699371460156563,77.45,98.52
996,4.699932631468162,77.45,98.52
997,4.700323280921349,77.45,98.52
998,4.699409858997051,77.45,98.52
999,4.7017646202674275,77.45,98.52
1000,4.697839795626127,77.45,98.52
